{
  "$schema": "https://schema.management.azure.com/schemas/2019-04-01/deploymentTemplate.json#",
  "contentVersion": "1.0.0.0",
  "parameters": {
    "location": {
      "type": "string",
      "metadata": {
        "description": "Location where resources will be provisioned"
      }
    },
    "namespace": {
      "type": "string",
      "metadata": {
        "description": "The unique namespace for the Kibana VM"
      }
    },
    "https": {
      "type": "string",
      "defaultValue": "No",
      "allowedValues": [
        "Yes",
        "No"
      ],
      "metadata": {
        "description": "Controls if the output address should be HTTP or HTTPS"
      }
    },
    "elasticTags": {
      "type": "object",
      "defaultValue": {
        "provider": "648D2193-0CE0-4EFB-8A82-AF9792184FD9"
      },
      "metadata": {
        "description": "Unique identifiers to allow the Azure Infrastructure to understand the origin of resources deployed to Azure. You do not need to supply a value for this."
      }
    }
  },
  "variables": {
    "namespace": "[parameters('namespace')]",
    "publicIpName": "[concat(variables('namespace'), '-ip')]",
    "httpsOpts": {
      "Yes" : "https://",
      "No" : "http://"
    },
    "https": "[variables('httpsOpts')[parameters('https')]]"
  },
  "resources": [
    {
      "apiVersion": "2019-04-01",
      "condition": "[equals(parameters('kibanaPublicIp'), 'Yes')]",
      "type": "Microsoft.Network/publicIPAddresses",
      "name": "[variables('publicIpName')]",
      "location": "[parameters('location')]",
      "tags": {
        "provider": "[toUpper(parameters('elasticTags').provider)]"
      },
      "properties": {
        "publicIPAllocationMethod": "Dynamic",
        "dnsSettings": {
          "domainNameLabel": "[concat('kb-', uniqueString(resourceGroup().id, deployment().name, variables('publicIpName')))]"
        }
      }
    }
  ],
  "outputs": {
    "fqdn": {
      "value": "[concat(variables('https'), reference(variables('publicIpName')).dnsSettings.fqdn, ':5601')]",
      "type": "string"
    }
  }
}
