{
  "$schema": "https://schema.management.azure.com/schemas/2019-04-01/deploymentTemplate.json#",
  "contentVersion": "1.0.0.0",
  "parameters": {
    "location": {
      "type": "string",
      "metadata": {
        "description": "Location where resources will be provisioned"
      }
    },
    "storageAccountName": {
      "type": "string",
      "metadata": {
        "description": "Storage account used for share virtual machine images"
      }
    },
    "azureCloudStorageAccount": {
      "type": "object",
      "defaultValue": {
        "name": "",
        "resourceGroup": "",
        "install": "No"
      },
      "metadata": {
        "description": "Existing storage account used to configure Azure Repository plugin"
      }
    },
    "elasticTags": {
      "type": "object",
      "defaultValue": {
        "provider": "648D2193-0CE0-4EFB-8A82-AF9792184FD9"
      },
      "metadata": {
        "description": "Unique identifiers to allow the Azure Infrastructure to understand the origin of resources deployed to Azure. You do not need to supply a value for this."
      }
    }
  },
  "resources": [
    {
      "type": "Microsoft.Storage/storageAccounts",
      "name": "[parameters('storageAccountName')]",
      "apiVersion": "2019-04-01",
      "location": "[parameters('location')]",
      "sku": {
        "name": "Standard_LRS"
      },
      "kind": "Storage",
      "properties": {
      },
      "tags": {
        "provider": "[toUpper(parameters('elasticTags').provider)]"
      }
    }
  ],
  "outputs": {
    "sharedStorageAccountKey": {
      "value": "[listKeys(resourceId('Microsoft.Storage/storageAccounts', parameters('storageAccountName')), '2019-04-01').keys[0].value]",
      "type": "string"
    },
    "sharedStorageAccountSuffix": {
      "value": "[replace(replace(reference(parameters('storageAccountName')).primaryEndpoints.blob, concat('https://', parameters('storageAccountName'), '.blob.'), ''), '/', '')]",
      "type": "string"
    },
    "existingStorageAccountKey": {
      "value": "[if(and(not(empty(parameters('azureCloudStorageAccount').name)), equals(parameters('azureCloudStorageAccount').install, 'Yes')), listKeys(resourceId(parameters('azureCloudStorageAccount').resourceGroup, 'Microsoft.Storage/storageAccounts', parameters('azureCloudStorageAccount').name), '2019-04-01').keys[0].value, '')]",
      "type": "string"
    },
    "existingStorageAccountSuffix": {
      "value": "[if(and(not(empty(parameters('azureCloudStorageAccount').name)), equals(parameters('azureCloudStorageAccount').install, 'Yes')), replace(replace(reference(resourceId(parameters('azureCloudStorageAccount').resourceGroup, 'Microsoft.Storage/storageAccounts', parameters('azureCloudStorageAccount').name), '2019-04-01').primaryEndpoints.blob, concat('https://', parameters('azureCloudStorageAccount').name, '.blob.'), ''), '/', ''), '')]",
      "type": "string"
    }
  }
}
