{
  "$schema": "https://schema.management.azure.com/schemas/2019-04-01/deploymentTemplate.json#",
  "contentVersion": "1.0.0.0",
  "parameters": {
    "vm": {
      "type": "object",
      "metadata": {
        "description": "vm configuration"
      }
    },
    "index": {
      "type": "int",
      "metadata": {
        "description": "the outer loop index"
      }
    },
    "availabilitySet": {
      "type": "string",
      "metadata": {
        "description": "The name of the availability set"
      }
    },
    "dataDisks": {
      "type": "object",
      "defaultValue": {
        "disks": []
      },
      "metadata": {
        "description": "additional data disks to attach"
      }
    },
    "elasticTags": {
      "type": "object",
      "defaultValue": {
        "provider": "648D2193-0CE0-4EFB-8A82-AF9792184FD9"
      },
      "metadata": {
        "description": "Unique identifiers to allow the Azure Infrastructure to understand the origin of resources deployed to Azure. You do not need to supply a value for this."
      }
    }
  },
  "variables": {
    "namespace": "[parameters('vm').namespace]",
    "computername": "[concat(parameters('vm').namespace, parameters('index'))]",
    "password_osProfile": {
      "computername": "[variables('computername')]",
      "adminUsername": "[parameters('vm').shared.credentials.adminUsername]",
      "adminPassword": "[parameters('vm').shared.credentials.password]"
    },
    "sshPublicKey_osProfile": {
      "computername": "[variables('computername')]",
      "adminUsername": "[parameters('vm').shared.credentials.adminUsername]",
      "linuxConfiguration": {
        "disablePasswordAuthentication": "true",
        "ssh": {
          "publicKeys": [
            {
              "path": "[concat('/home/', parameters('vm').shared.credentials.adminUsername, '/.ssh/authorized_keys')]",
              "keyData": "[parameters('vm').shared.credentials.sshPublicKey]"
            }
          ]
        }
      }
    },
    "osProfile": "[variables(concat(parameters('vm').shared.credentials.authenticationType, '_osProfile'))]",
    "publicIpName": "[concat(variables('namespace'), parameters('index'), '-ip')]",
    "nsgIpConfigs": [
      {},
      {
        "networkSecurityGroup": {
          "id": "[resourceId('Microsoft.Network/networkSecurityGroups', parameters('vm').nsg)]"
        }
      },
      {
        "networkSecurityGroup": {
          "id": "[resourceId('Microsoft.Network/networkSecurityGroups', parameters('vm').nsg)]"
        },
        "ipConfigurations": [
          {
            "name": "ipconfig1",
            "properties": {
              "primary": true,
              "privateIPAllocationMethod": "Dynamic",
              "subnet": {
                "id": "[parameters('vm').shared.subnetId]"
              },
              "loadBalancerBackendAddressPools": "[parameters('vm').backendPools]",
              "publicIPAddress": {
                "id": "[resourceId('Microsoft.Network/publicIPAddresses', variables('publicIpName'))]"
              }
            }
          }
        ]
      }
    ],
    "nsgIpConfig": "[variables('nsgIpConfigs')[if(empty(parameters('vm').nsg), 0, if(parameters('vm').standardInternalLoadBalancer, 2, 1))]]",
    "nicProperties": {
      "primary": true,
      "enableAcceleratedNetworking": "[equals(parameters('vm').acceleratedNetworking, 'Yes')]",
      "ipConfigurations": [
        {
          "name": "ipconfig1",
          "properties": {
            "privateIPAllocationMethod": "Dynamic",
            "subnet": {
              "id": "[parameters('vm').shared.subnetId]"
            },
            "loadBalancerBackendAddressPools": "[parameters('vm').backendPools]"
          }
        }
      ]
    }
  },
  "resources": [
    {
      "condition": "[and(not(empty(parameters('vm').nsg)), parameters('vm').standardInternalLoadBalancer)]",
      "apiVersion": "2019-04-01",
      "type": "Microsoft.Network/publicIPAddresses",
      "name": "[variables('publicIpName')]",
      "location": "[parameters('vm').shared.location]",
      "sku": {
        "name": "Standard"
      },
      "tags": {
        "provider": "[toUpper(parameters('elasticTags').provider)]"
      },
      "properties": {
        "publicIPAllocationMethod": "Static",
        "dnsSettings": {
          "domainNameLabel": "[concat(variables('namespace'), parameters('index'), uniqueString(resourceGroup().id, deployment().name))]"
        }
      }
    },
    {
      "apiVersion": "2019-04-01",
      "type": "Microsoft.Network/networkInterfaces",
      "name": "[concat(variables('namespace'), parameters('index'), '-nic')]",
      "location": "[parameters('vm').shared.location]",
      "tags": {
        "provider": "[toUpper(parameters('elasticTags').provider)]"
      },
      "dependsOn": [
        "[variables('publicIpName')]"
      ],
      "properties": "[union(variables('nicProperties'), variables('nsgIpConfig'))]"
    },
    {
      "apiVersion": "2019-03-01",
      "type": "Microsoft.Compute/virtualMachines",
      "name": "[concat(variables('namespace'), parameters('index'))]",
      "location": "[parameters('vm').shared.location]",
      "tags": {
        "provider": "[toUpper(parameters('elasticTags').provider)]"
      },
      "dependsOn": [
        "[resourceId('Microsoft.Network/networkInterfaces', concat(variables('namespace'), parameters('index'), '-nic'))]"
      ],
      "properties": {
        "availabilitySet": {
          "id": "[resourceId('Microsoft.Compute/availabilitySets', parameters('availabilitySet'))]"
        },
        "hardwareProfile": {
          "vmSize": "[parameters('vm').size]"
        },
        "osProfile": "[variables('osProfile')]",
        "storageProfile": {
          "imageReference": "[parameters('vm').imageReference]",
          "osDisk": {
            "name": "[concat(variables('namespace'), parameters('index'), '-osdisk')]",
            "managedDisk": {
              "storageAccountType": "[parameters('vm').storageAccountType]"
            },
            "caching": "ReadWrite",
            "createOption": "FromImage"
          },
          "dataDisks": "[parameters('dataDisks').disks]"
        },
        "networkProfile": {
          "networkInterfaces": [
            {
              "id": "[resourceId('Microsoft.Network/networkInterfaces',concat(variables('namespace'), parameters('index'), '-nic'))]"
            }
          ]
        }
      },
      "resources": [
        {
          "type": "Microsoft.Compute/virtualMachines/extensions",
          "name": "[concat(variables('namespace'), parameters('index'), '/script')]",
          "apiVersion": "2019-03-01",
          "location": "[parameters('vm').shared.location]",
          "dependsOn": [
            "[resourceId('Microsoft.Compute/virtualMachines', concat(variables('namespace'), parameters('index')))]"
          ],
          "properties": "[parameters('vm').installScript]"
        }
      ]
    }
  ],
  "outputs": {}
}
