{
  "$schema": "https://schema.management.azure.com/schemas/2019-04-01/deploymentTemplate.json#",
  "contentVersion": "1.0.0.0",
  "parameters": {
    "location": {
      "type": "string",
      "metadata": {
        "description": "Location where resources will be provisioned"
      }
    },
    "namespace": {
      "type": "string",
      "defaultValue": ""
    },
    "networkSettings": {
      "type": "object",
      "metadata": {
        "description": "Network settings"
      }
    },
    "credentials": {
      "type": "secureObject",
      "metadata": {
        "description": "Credential information block"
      }
    },
    "osSettings": {
      "type": "object",
      "metadata": {
        "description": "Elasticsearch deployment platform settings"
      }
    },
    "elasticTags": {
      "type": "object",
      "defaultValue": {
        "provider": "648D2193-0CE0-4EFB-8A82-AF9792184FD9"
      },
      "metadata": {
        "description": "Unique identifiers to allow the Azure Infrastructure to understand the origin of resources deployed to Azure. You do not need to supply a value for this."
      }
    }
  },
  "variables": {},
  "resources": [],
  "outputs": {
    "ssh": {
      "value": "N/A",
      "type": "string"
    }
  }
}
