{
  "$schema": "https://schema.management.azure.com/schemas/2019-04-01/deploymentTemplate.json#",
  "contentVersion": "1.0.0.0",
  "parameters": {
    "location": {
      "type": "string",
      "metadata": {
        "description": "Location where resources will be provisioned"
      }
    },
    "namespace": {
      "type": "string",
      "metadata": {
        "description": "The unique namespace for the Kibana VM"
      }
    },
    "networkSettings": {
      "type": "object",
      "metadata": {
        "description": "Network settings"
      }
    },
    "credentials": {
      "type": "secureObject",
      "metadata": {
        "description": "Credentials information block"
      }
    },
    "osSettings": {
      "type": "object",
      "metadata": {
        "description": "Platform and OS settings"
      }
    },
    "vmSize": {
      "type": "string",
      "defaultValue": "Standard_A2_v2",
      "metadata": {
        "description": "Size of the Kibana VM"
      }
    },
    "acceleratedNetworking": {
      "type": "string",
      "defaultValue": "No",
      "allowedValues": [
        "Yes",
        "No"
      ],
      "metadata": {
        "description": "Whether to enable accelerated networking for Kibana, which enables single root I/O virtualization (SR-IOV) to a VM, greatly improving its networking performance. Valid only for specific VM SKUs"
      }
    },
    "elasticTags": {
      "type": "object",
      "defaultValue": {
        "provider": "648D2193-0CE0-4EFB-8A82-AF9792184FD9"
      },
      "metadata": {
        "description": "Unique identifiers to allow the Azure Infrastructure to understand the origin of resources deployed to Azure. You do not need to supply a value for this."
      }
    }
  },
  "variables": {},
  "resources": [],
  "outputs": {}
}
