{
  "$schema": "https://schema.management.azure.com/schemas/2019-04-01/deploymentTemplate.json#",
  "contentVersion": "1.0.0.0",
  "parameters": {
    "networkSettings": {
      "type": "object",
      "metadata": {
        "description": "Network settings object"
      }
    },
    "applicationGatewaySettings": {
      "type": "object",
      "metadata": {
        "description": "Application Gateway settings"
      }
    },
    "elasticTags": {
      "type": "object",
      "defaultValue": {
        "provider": "648D2193-0CE0-4EFB-8A82-AF9792184FD9"
      },
      "metadata": {
        "description": "Unique identifiers to allow the Azure Infrastructure to understand the origin of resources deployed to Azure. You do not need to supply a value for this."
      }
    }
  },
  "variables": {
    "httpsOpts": {
      "Yes": "https://",
      "No": "http://"
    },
    "https": "[variables('httpsOpts')[parameters('networkSettings').https]]",
    "internalLoadBalancerName": "[concat(parameters('networkSettings').namespacePrefix, 'internal-lb')]",
    "externalLoadBalancerName": "[concat(parameters('networkSettings').namespacePrefix, 'external-lb')]",
    "externalLoadBalancerIp": "[concat(parameters('networkSettings').namespacePrefix, 'external-lb-ip')]"
  },
  "resources": [
    {
      "apiVersion": "2019-04-01",
      "name": "[variables('internalLoadBalancerName')]",
      "type": "Microsoft.Network/loadBalancers",
      "location": "[parameters('networkSettings').location]",
      "sku": {
        "name": "[parameters('networkSettings').internalSku]"
      },
      "tags": {
        "provider": "[toUpper(parameters('elasticTags').provider)]"
      },
      "properties": {
        "frontendIPConfigurations": [
          {
            "name": "LBFE",
            "properties": {
              "subnet": {
                "id": "[resourceId(parameters('networkSettings').resourceGroup, 'Microsoft.Network/virtualNetworks/subnets', parameters('networkSettings').name, parameters('networkSettings').subnet.name)]"
              },
              "privateIPAddress": "[parameters('networkSettings').subnet.loadBalancerIp]",
              "privateIPAllocationMethod": "Static"
            }
          }
        ],
        "backendAddressPools": [
          {
            "name": "LBBE"
          }
        ],
        "loadBalancingRules": [
          {
            "name": "es-http-internal",
            "properties": {
              "frontendIPConfiguration": {
                "id": "[resourceId('Microsoft.Network/loadBalancers/frontendIPConfigurations', variables('internalLoadBalancerName'), 'LBFE')]"
              },
              "backendAddressPool": {
                "id": "[resourceId('Microsoft.Network/loadBalancers/backendAddressPools', variables('internalLoadBalancerName'), 'LBBE')]"
              },
              "protocol": "Tcp",
              "frontendPort": 9200,
              "backendPort": 9200,
              "enableFloatingIP": false,
              "idleTimeoutInMinutes": 5,
              "probe": {
                "id": "[resourceId('Microsoft.Network/loadBalancers/probes', variables('internalLoadBalancerName'), 'es-probe-internal-http')]"
              }
            }
          },
          {
            "name": "es-transport-internal",
            "properties": {
              "frontendIPConfiguration": {
                "id": "[resourceId('Microsoft.Network/loadBalancers/frontendIPConfigurations', variables('internalLoadBalancerName'), 'LBFE')]"
              },
              "backendAddressPool": {
                "id": "[resourceId('Microsoft.Network/loadBalancers/backendAddressPools', variables('internalLoadBalancerName'), 'LBBE')]"
              },
              "protocol": "Tcp",
              "frontendPort": 9300,
              "backendPort": 9300,
              "enableFloatingIP": false,
              "idleTimeoutInMinutes": 5
            }
          }
        ],
        "probes": [
          {
            "name": "es-probe-internal-http",
            "properties": {
              "protocol": "Tcp",
              "port": 9200,
              "intervalInSeconds": 30,
              "numberOfProbes": 3
            }
          }
        ]
      }
    },
    {
      "apiVersion": "2019-04-01",
      "type": "Microsoft.Network/publicIPAddresses",
      "name": "[variables('externalLoadBalancerIp')]",
      "location": "[parameters('networkSettings').location]",
      "sku": {
        "name": "[parameters('networkSettings').externalSku]"
      },
      "tags": {
        "provider": "[toUpper(parameters('elasticTags').provider)]"
      },
      "properties": {
        "publicIPAllocationMethod": "[if(equals(parameters('networkSettings').externalSku, 'Standard'), 'Static', 'Dynamic')]",
        "dnsSettings": {
          "domainNameLabel": "[concat('lb-', uniqueString(resourceGroup().id, deployment().name))]"
        }
      }
    },
    {
      "apiVersion": "2019-04-01",
      "name": "[variables('externalLoadBalancerName')]",
      "type": "Microsoft.Network/loadBalancers",
      "location": "[parameters('networkSettings').location]",
      "sku": {
        "name": "[parameters('networkSettings').externalSku]"
      },
      "tags": {
        "provider": "[toUpper(parameters('elasticTags').provider)]"
      },
      "dependsOn": [
        "[resourceId('Microsoft.Network/publicIPAddresses', variables('externalLoadBalancerIp'))]"
      ],
      "properties": {
        "frontendIPConfigurations": [
          {
            "name": "LBFE",
            "properties": {
              "publicIPAddress": {
                "id": "[resourceId('Microsoft.Network/publicIPAddresses', variables('externalLoadBalancerIp'))]"
              }
            }
          }
        ],
        "backendAddressPools": [
          {
            "name": "LBBE"
          }
        ],
        "loadBalancingRules": [
          {
            "name": "es-http-external",
            "properties": {
              "frontendIPConfiguration": {
                "id": "[resourceId('Microsoft.Network/loadBalancers/frontendIPConfigurations', variables('externalLoadBalancerName'), 'LBFE')]"
              },
              "backendAddressPool": {
                "id": "[resourceId('Microsoft.Network/loadBalancers/backendAddressPools', variables('externalLoadBalancerName'), 'LBBE')]"
              },
              "protocol": "Tcp",
              "frontendPort": 9200,
              "backendPort": 9201,
              "enableFloatingIP": false,
              "idleTimeoutInMinutes": 5,
              "probe": {
                "id": "[resourceId('Microsoft.Network/loadBalancers/probes', variables('externalLoadBalancerName'), 'es-http-external-probe')]"
              }
            }
          }
        ],
        "probes": [
          {
            "name": "es-http-external-probe",
            "properties": {
              "protocol": "Tcp",
              "port": 9201,
              "intervalInSeconds": 30,
              "numberOfProbes": 3
            }
          }
        ]
      }
    }
  ],
  "outputs": {
    "fqdn": {
      "value": "[concat(variables('https'), reference(variables('externalLoadBalancerIp')).dnsSettings.fqdn, ':9200')]",
      "type": "string"
    }
  }
}
