{
  "$schema": "https://schema.management.azure.com/schemas/2019-04-01/deploymentTemplate.json#",
  "contentVersion": "1.0.0.0",
  "parameters": {
    "_artifactsLocation": {
      "type": "string",
      "metadata": {
          "description": "The base URI where artifacts required by this template are located including a trailing '/'"
      }
    },
    "_artifactsLocationSasToken": {
      "type": "securestring",
      "metadata": {
        "description": "The sasToken required to access _artifactsLocation.  When the template is deployed using the accompanying scripts, a sasToken will be automatically generated. Use the defaultValue if the staging location is not secured."
      },
      "defaultValue": ""
    },
    "esSettings": {
        "type": "object",
        "metadata": {
            "description" : "The Elasticsearch settings"
        }
    },
    "commonVmSettings": {
        "type": "object",
        "metadata": {
            "description" : "Shared VM settings"
        }
    },
    "topologySettings": {
        "type": "object",
        "metadata": {
            "description": "Aggregate for topology variable"
        }
    },
    "networkSettings": {
      "type": "object",
      "metadata": {
        "description": "Network settings"
      }
    },
    "azureCloudStorageAccount": {
      "type": "secureObject",
      "metadata": {
          "description": "The storage settings for the Azure Cloud plugin"
      }
    },
    "kibanaIp": {
      "type": "string",
      "metadata": {
          "description": "The public IP address for Kibana"
      }
    },
    "sharedStorageAccount": {
      "type": "secureObject",
      "metadata": {
        "description": "The shared storage settings"
      }
    },
    "elasticTags": {
      "type": "object",
      "defaultValue": {
        "provider": "648D2193-0CE0-4EFB-8A82-AF9792184FD9"
      },
      "metadata": {
        "description": "Unique identifiers to allow the Azure Infrastructure to understand the origin of resources deployed to Azure. You do not need to supply a value for this."
      }
    }
  },
  "variables": {
    "quote": "'",
    "doublequote": "\"",
    "backslash": "\\",
    "escapedQuote": "[concat(variables('quote'), variables('doublequote'), variables('quote'), variables('doublequote'), variables('quote'))]",
    "nodesTemplateUrl": "[uri(parameters('_artifactsLocation'), concat('partials/node-resources.json', parameters('_artifactsLocationSasToken')))]",
    "namespacePrefix": "[parameters('topologySettings').vmHostNamePrefix]",
    "kibanaDomainName": "[if(not(empty(parameters('esSettings').samlMetadataUri)),if(not(empty(parameters('esSettings').samlServiceProviderUri)),parameters('esSettings').samlServiceProviderUri,parameters('kibanaIp')),'')]",
    "loadBalancerIp": "[concat(if(equals(parameters('networkSettings').https, 'Yes'), 'https', 'http'), '://', parameters('topologySettings').vNetLoadBalancerIp, ':9200')]",
    "dataNodeShortOpts": {
      "No": "z",
      "Yes": ""
    },
    "dataNodeShortOpt": "[variables('dataNodeShortOpts')[parameters('topologySettings').dataNodesAreMasterEligible]]",
    "dedicatedMasterNodesShortOpts": {
      "No": "d",
      "Yes": ""
    },
    "dedicatedMasterNodesShortOpt": "[variables('dedicatedMasterNodesShortOpts')[parameters('topologySettings').dataNodesAreMasterEligible]]",
    "installAzureCloudPluginShortOpts": {
      "No": "",
      "Yes": "j"
    },
    "installAzureCloudPluginShortOpt": "[variables('installAzureCloudPluginShortOpts')[parameters('azureCloudStorageAccount').install]]",
    "azureCloudStorageName": "[if(equals(parameters('azureCloudStorageAccount').install, 'Yes'), if(empty(parameters('azureCloudStorageAccount').name), parameters('sharedStorageAccount').name, parameters('azureCloudStorageAccount').name), '')]",
    "azureCloudStorageKey": "[if(equals(parameters('azureCloudStorageAccount').install, 'Yes'), if(empty(parameters('azureCloudStorageAccount').key), parameters('sharedStorageAccount').key, parameters('azureCloudStorageAccount').key), '')]",
    "azureCloudStorageSuffix": "[if(equals(parameters('azureCloudStorageAccount').install, 'Yes'), if(empty(parameters('azureCloudStorageAccount').name), parameters('sharedStorageAccount').suffix, parameters('azureCloudStorageAccount').suffix), '')]",
    "installPluginsShortOpts": {
      "No": "",
      "Yes": "l"
    },
    "installPluginsShortOpt": "[variables('installPluginsShortOpts')[parameters('esSettings').installPlugins]]",
    "commonShortOpts": "[concat(variables('dedicatedMasterNodesShortOpt'),  variables('installPluginsShortOpt'), variables('installAzureCloudPluginShortOpt'), 'n ')]",
    "commonInstallParams": "[concat(variables('quote'), parameters('esSettings').clusterName, variables('quote'), ' -v ', variables('quote'), parameters('esSettings').version, variables('quote'), ' -m ', parameters('esSettings').heapSize, ' -A ', variables('quote'), replace(parameters('esSettings').securityAdminPwd, variables('quote'), variables('escapedQuote')), variables('quote'), ' -R ', variables('quote'), replace(parameters('esSettings').securityRemoteMonitoringPwd, variables('quote'), variables('escapedQuote')), variables('quote'), ' -K ', variables('quote'), replace(parameters('esSettings').securityKibanaPwd, variables('quote'), variables('escapedQuote')), variables('quote'), ' -S ', variables('quote'), replace(parameters('esSettings').securityLogstashPwd, variables('quote'), variables('escapedQuote')), variables('quote'), ' -F ', variables('quote'), replace(parameters('esSettings').securityBeatsPwd, variables('quote'), variables('escapedQuote')), variables('quote'), ' -M ', variables('quote'), replace(parameters('esSettings').securityApmPwd, variables('quote'), variables('escapedQuote')), variables('quote'), ' -B ', variables('quote'), replace(parameters('esSettings').securityBootstrapPwd, variables('quote'), variables('escapedQuote')), variables('quote'), ' -Z ', parameters('topologySettings').vmDataNodeCount,' -p ', variables('quote'), variables('namespacePrefix'), variables('quote'), ' -a ', variables('quote'), variables('azureCloudStorageName'), variables('quote'), ' -k ', variables('quote'), variables('azureCloudStorageKey'), variables('quote'), ' -E ', variables('quote'), variables('azureCloudStorageSuffix'), variables('quote'), ' -L ', variables('quote'), parameters('esSettings').installAdditionalPlugins, variables('quote'), ' -C ', variables('quote'), replace(replace(parameters('esSettings').yamlConfiguration, variables('quote'), variables('escapedQuote')), concat(variables('backslash'), variables('doublequote')), variables('doublequote')), variables('quote'), ' -D ', variables('quote'), parameters('topologySettings').vNetLoadBalancerIp, variables('quote'), ' -H ', variables('quote'), parameters('esSettings').httpCertBlob,variables('quote'), ' -G ', variables('quote'), replace(parameters('esSettings').httpCertPassword, variables('quote'), variables('escapedQuote')), variables('quote'), ' -V ', variables('quote'), parameters('esSettings').httpCaCertBlob, variables('quote'), ' -J ', variables('quote'), replace(parameters('esSettings').httpCaCertPassword, variables('quote'), variables('escapedQuote')), variables('quote'), ' -T ', variables('quote'), parameters('esSettings').transportCaCertBlob, variables('quote'), ' -W ', variables('quote'), replace(parameters('esSettings').transportCaCertPassword, variables('quote'), variables('escapedQuote')), variables('quote'), ' -N ', variables('quote'), replace(parameters('esSettings').transportCertPassword, variables('quote'), variables('escapedQuote')), variables('quote'), ' -O ', variables('quote'), parameters('esSettings').samlMetadataUri, variables('quote'), ' -P ', variables('quote'), variables('kibanaDomainName'), variables('quote'))]",
    "ubuntuScripts": [
      "[uri(parameters('_artifactsLocation'), concat('scripts/elasticsearch-install.sh', parameters('_artifactsLocationSasToken')))]",
      "[uri(parameters('_artifactsLocation'), concat('scripts/kibana-install.sh', parameters('_artifactsLocationSasToken')))]",
      "[uri(parameters('_artifactsLocation'), concat('scripts/logstash-install.sh', parameters('_artifactsLocationSasToken')))]",
      "[uri(parameters('_artifactsLocation'), concat('scripts/vm-disk-utils-0.1.sh', parameters('_artifactsLocationSasToken')))]",
      "[uri(parameters('_artifactsLocation'), concat('scripts/java-install.sh', parameters('_artifactsLocationSasToken')))]"
    ],
    "ubuntuSettings": {
      "imageReference": {
        "publisher": "Canonical",
        "offer": "UbuntuServer",
        "sku": "16.04.0-LTS",
        "version": "latest"
      },
      "managementPort": 22,
      "extensionSettings": {
        "master": {
          "publisher": "Microsoft.Azure.Extensions",
          "type": "CustomScript",
          "typeHandlerVersion": "2.0",
          "autoUpgradeMinorVersion": true,
          "settings": {
            "fileUris": "[variables('ubuntuScripts')]"
          },
          "protectedSettings": {
            "commandToExecute": "[concat('bash elasticsearch-install.sh -x', variables('commonShortOpts'), variables('commonInstallParams'))]"
          }
        },
        "client": {
          "publisher": "Microsoft.Azure.Extensions",
          "type": "CustomScript",
          "typeHandlerVersion": "2.0",
          "autoUpgradeMinorVersion": true,
          "settings": {
            "fileUris": "[variables('ubuntuScripts')]"
          },
          "protectedSettings": {
            "commandToExecute": "[concat('bash elasticsearch-install.sh -y', variables('commonShortOpts'), variables('commonInstallParams'))]"
          }
        },
        "data": {
          "publisher": "Microsoft.Azure.Extensions",
          "type": "CustomScript",
          "typeHandlerVersion": "2.0",
          "autoUpgradeMinorVersion": true,
          "settings": {
            "fileUris": "[variables('ubuntuScripts')]"
          },
          "protectedSettings": {
            "commandToExecute": "[concat('bash elasticsearch-install.sh -', variables('dataNodeShortOpt'), variables('commonShortOpts'), variables('commonInstallParams'))]"
          }
        },
        "kibana": {
          "publisher": "Microsoft.Azure.Extensions",
          "type": "CustomScript",
          "typeHandlerVersion": "2.0",
          "autoUpgradeMinorVersion": true,
          "settings": {
            "fileUris": "[variables('ubuntuScripts')]"
          },
          "protectedSettings": {
            "commandToExecute": "[concat('bash kibana-install.sh -', variables('installPluginsShortOpt'), 'n ', variables('quote'), parameters('esSettings').clusterName, variables('quote'), ' -v ', variables('quote'), parameters('esSettings').version, variables('quote'), ' -u ', variables('quote'), variables('loadBalancerIp') ,variables('quote'), ' -S ', variables('quote'), replace(parameters('esSettings').securityKibanaPwd, variables('quote'), variables('escapedQuote')), variables('quote'), ' -C ', variables('quote'), parameters('topologySettings').kibanaCertBlob, variables('quote'), ' -K ', variables('quote'), parameters('topologySettings').kibanaKeyBlob, variables('quote'), ' -P ', variables('quote'), replace(parameters('topologySettings').kibanaKeyPassphrase, variables('quote'), variables('escapedQuote')), variables('quote'), ' -Y ', variables('quote'), replace(replace(parameters('topologySettings').kibanaYaml, variables('quote'), variables('escapedQuote')), concat(variables('backslash'), variables('doublequote')), variables('doublequote')), variables('quote'), ' -H ', variables('quote'), parameters('esSettings').httpCertBlob, variables('quote'), ' -G ', variables('quote'), replace(parameters('esSettings').httpCertPassword, variables('quote'), variables('escapedQuote')), variables('quote'), ' -V ', variables('quote'), parameters('esSettings').httpCaCertBlob,variables('quote'), ' -J ', variables('quote'), replace(parameters('esSettings').httpCaCertPassword, variables('quote'), variables('escapedQuote')), variables('quote'), ' -U ', variables('quote'), variables('kibanaDomainName'), variables('quote'))]"
          }
        },
        "logstash": {
          "publisher": "Microsoft.Azure.Extensions",
          "type": "CustomScript",
          "typeHandlerVersion": "2.0",
          "autoUpgradeMinorVersion": true,
          "settings": {
            "fileUris": "[variables('ubuntuScripts')]"
          },
          "protectedSettings": {
            "commandToExecute": "[concat('bash logstash-install.sh -', variables('installPluginsShortOpt'), 'v ', variables('quote'), parameters('esSettings').version, variables('quote'), ' -m ', parameters('topologySettings').logstashHeapSize, ' -u ', variables('quote'), variables('loadBalancerIp'), variables('quote'), ' -S ', variables('quote'), replace(parameters('esSettings').securityLogstashPwd, variables('quote'), variables('escapedQuote')), variables('quote'), ' -L ', variables('quote'), parameters('topologySettings').logstashPlugins, variables('quote'), ' -c ', variables('quote'), parameters('topologySettings').logstashConf, variables('quote'), ' -K ', variables('quote'), replace(parameters('topologySettings').logstashKeystorePwd, variables('quote'), variables('escapedQuote')), variables('quote'), ' -Y ', variables('quote'), replace(replace(parameters('topologySettings').logstashYaml, variables('quote'), variables('escapedQuote')), concat(variables('backslash'), variables('doublequote')), variables('doublequote')), variables('quote'), ' -H ', variables('quote'), parameters('esSettings').httpCertBlob, variables('quote'), ' -G ', variables('quote'), replace(parameters('esSettings').httpCertPassword, variables('quote'), variables('escapedQuote')), variables('quote'), ' -V ', variables('quote'), parameters('esSettings').httpCaCertBlob, variables('quote'), ' -J ', variables('quote'), replace(parameters('esSettings').httpCaCertPassword, variables('quote'), variables('escapedQuote')), variables('quote'))]"
          }
        }
      }
    }
  },
  "resources": [
    {
      "name": "elasticsearch-nodes",
      "type": "Microsoft.Resources/deployments",
      "apiVersion": "2019-05-01",
      "dependsOn": [ ],
      "properties": {
        "mode": "Incremental",
        "templateLink": {
          "uri": "[variables('nodesTemplateUrl')]",
          "contentVersion": "1.0.0.0"
        },
        "parameters": {
          "_artifactsLocation": {
            "value": "[parameters('_artifactsLocation')]"
          },
          "_artifactsLocationSasToken": {
            "value": "[parameters('_artifactsLocationSasToken')]"
          },
          "osSettings": {
            "value": "[variables('ubuntuSettings')]"
          },
          "commonVmSettings": {
            "value": "[parameters('commonVmSettings')]"
          },
          "topologySettings": {
            "value": "[parameters('topologySettings')]"
          },
          "networkSettings": {
            "value": "[parameters('networkSettings')]"
          },
          "elasticTags": {
            "value": "[parameters('elasticTags')]"
          }
        }
      }
    }
  ],
  "outputs": {
    "jumpboxssh": {
      "value": "[reference('elasticsearch-nodes').outputs.jumpboxssh.value]",
      "type": "string"
    }
  }
}
